--------------------------------------------------------
--  파일이 생성됨 - 금요일-4월-26-2024   
--------------------------------------------------------
--------------------------------------------------------
--  DDL for Sequence BOOK_SEQ
--------------------------------------------------------

   CREATE SEQUENCE  "HJH"."BOOK_SEQ"  MINVALUE 1 MAXVALUE 9999999999999999999999999999 INCREMENT BY 1 START WITH 41 CACHE 20 NOORDER  NOCYCLE  NOKEEP  NOSCALE  GLOBAL ;
--------------------------------------------------------
--  DDL for Sequence MEM_SEQ
--------------------------------------------------------

   CREATE SEQUENCE  "HJH"."MEM_SEQ"  MINVALUE 1 MAXVALUE 9999999999999999999999999999 INCREMENT BY 1 START WITH 61 CACHE 20 NOORDER  NOCYCLE  NOKEEP  NOSCALE  GLOBAL ;
--------------------------------------------------------
--  DDL for Sequence RENT_SEQ
--------------------------------------------------------

   CREATE SEQUENCE  "HJH"."RENT_SEQ"  MINVALUE 1 MAXVALUE 9999999999999999999999999999 INCREMENT BY 1 START WITH 41 CACHE 20 NOORDER  NOCYCLE  NOKEEP  NOSCALE  GLOBAL ;
--------------------------------------------------------
--  DDL for Table BOOK
--------------------------------------------------------

  CREATE TABLE "HJH"."BOOK" 
   (	"BOOK_NO" NUMBER, 
	"BOOK_TITLE" VARCHAR2(40 BYTE), 
	"AUTHOR" VARCHAR2(20 BYTE), 
	"BUY_DATE" DATE DEFAULT sysdate, 
	"PRICE" NUMBER
   ) SEGMENT CREATION IMMEDIATE 
  PCTFREE 10 PCTUSED 40 INITRANS 1 MAXTRANS 255 
 NOCOMPRESS LOGGING
  STORAGE(INITIAL 65536 NEXT 1048576 MINEXTENTS 1 MAXEXTENTS 2147483645
  PCTINCREASE 0 FREELISTS 1 FREELIST GROUPS 1
  BUFFER_POOL DEFAULT FLASH_CACHE DEFAULT CELL_FLASH_CACHE DEFAULT)
  TABLESPACE "USERS" ;
--------------------------------------------------------
--  DDL for Table MEM
--------------------------------------------------------

  CREATE TABLE "HJH"."MEM" 
   (	"MEM_NO" NUMBER, 
	"MEM_NAME" VARCHAR2(40 BYTE), 
	"MEM_PHONE" VARCHAR2(40 BYTE), 
	"BOOK_NO" NUMBER
   ) SEGMENT CREATION IMMEDIATE 
  PCTFREE 10 PCTUSED 40 INITRANS 1 MAXTRANS 255 
 NOCOMPRESS LOGGING
  STORAGE(INITIAL 65536 NEXT 1048576 MINEXTENTS 1 MAXEXTENTS 2147483645
  PCTINCREASE 0 FREELISTS 1 FREELIST GROUPS 1
  BUFFER_POOL DEFAULT FLASH_CACHE DEFAULT CELL_FLASH_CACHE DEFAULT)
  TABLESPACE "USERS" ;
--------------------------------------------------------
--  DDL for Table RENT_BOOK
--------------------------------------------------------

  CREATE TABLE "HJH"."RENT_BOOK" 
   (	"RENT_NO" NUMBER, 
	"MEN_NO" NUMBER, 
	"BOOK_NO" NUMBER, 
	"RENT_DATE" DATE DEFAULT sysdate, 
	"RETURN_DATE" DATE DEFAULT sysdate+14, 
	"RENT_RETURN" CHAR(1 BYTE) DEFAULT 'Y'
   ) SEGMENT CREATION IMMEDIATE 
  PCTFREE 10 PCTUSED 40 INITRANS 1 MAXTRANS 255 
 NOCOMPRESS LOGGING
  STORAGE(INITIAL 65536 NEXT 1048576 MINEXTENTS 1 MAXEXTENTS 2147483645
  PCTINCREASE 0 FREELISTS 1 FREELIST GROUPS 1
  BUFFER_POOL DEFAULT FLASH_CACHE DEFAULT CELL_FLASH_CACHE DEFAULT)
  TABLESPACE "USERS" ;
REM INSERTING into HJH.BOOK
SET DEFINE OFF;
Insert into HJH.BOOK (BOOK_NO,BOOK_TITLE,AUTHOR,BUY_DATE,PRICE) values (1,'나는 자바다','나나',to_date('23/04/10','RR/MM/DD'),23000);
Insert into HJH.BOOK (BOOK_NO,BOOK_TITLE,AUTHOR,BUY_DATE,PRICE) values (2,'자바','너너',to_date('22/06/12','RR/MM/DD'),10000);
Insert into HJH.BOOK (BOOK_NO,BOOK_TITLE,AUTHOR,BUY_DATE,PRICE) values (3,'자바스크립트','흐림',to_date('21/08/13','RR/MM/DD'),30000);
Insert into HJH.BOOK (BOOK_NO,BOOK_TITLE,AUTHOR,BUY_DATE,PRICE) values (32,'예담','테무',to_date('24/02/01','RR/MM/DD'),50000);
Insert into HJH.BOOK (BOOK_NO,BOOK_TITLE,AUTHOR,BUY_DATE,PRICE) values (36,'흔한남매','서삼독',to_date('23/09/28','RR/MM/DD'),14500);
Insert into HJH.BOOK (BOOK_NO,BOOK_TITLE,AUTHOR,BUY_DATE,PRICE) values (23,'돈의 속성','김승호',to_date('23/08/10','RR/MM/DD'),35000);
Insert into HJH.BOOK (BOOK_NO,BOOK_TITLE,AUTHOR,BUY_DATE,PRICE) values (24,'절세','최용규',to_date('21/01/10','RR/MM/DD'),17000);
Insert into HJH.BOOK (BOOK_NO,BOOK_TITLE,AUTHOR,BUY_DATE,PRICE) values (25,'한능검','최태성',to_date('22/11/18','RR/MM/DD'),13000);
Insert into HJH.BOOK (BOOK_NO,BOOK_TITLE,AUTHOR,BUY_DATE,PRICE) values (26,'호르몬','어크로스',to_date('20/04/30','RR/MM/DD'),24000);
Insert into HJH.BOOK (BOOK_NO,BOOK_TITLE,AUTHOR,BUY_DATE,PRICE) values (27,'푸바오','할아버지',to_date('23/12/30','RR/MM/DD'),30000);
Insert into HJH.BOOK (BOOK_NO,BOOK_TITLE,AUTHOR,BUY_DATE,PRICE) values (34,'우산','장마',to_date('24/01/01','RR/MM/DD'),100);
Insert into HJH.BOOK (BOOK_NO,BOOK_TITLE,AUTHOR,BUY_DATE,PRICE) values (37,'일류의 조건','사이토 다카시',to_date('22/11/25','RR/MM/DD'),20000);
Insert into HJH.BOOK (BOOK_NO,BOOK_TITLE,AUTHOR,BUY_DATE,PRICE) values (35,'킨더조이','초콜릿',to_date('23/01/01','RR/MM/DD'),90000);
Insert into HJH.BOOK (BOOK_NO,BOOK_TITLE,AUTHOR,BUY_DATE,PRICE) values (33,'이클립스','파워북',to_date('24/04/13','RR/MM/DD'),10000);
REM INSERTING into HJH.MEM
SET DEFINE OFF;
Insert into HJH.MEM (MEM_NO,MEM_NAME,MEM_PHONE,BOOK_NO) values (42,'박하준','010-3212-4433',null);
Insert into HJH.MEM (MEM_NO,MEM_NAME,MEM_PHONE,BOOK_NO) values (3,'최이준','010-5454-3233',2);
Insert into HJH.MEM (MEM_NO,MEM_NAME,MEM_PHONE,BOOK_NO) values (4,'현주희','010-4444-5555',3);
Insert into HJH.MEM (MEM_NO,MEM_NAME,MEM_PHONE,BOOK_NO) values (41,'나나나','010-3543-8799',null);
Insert into HJH.MEM (MEM_NO,MEM_NAME,MEM_PHONE,BOOK_NO) values (21,'김도윤','010-4444-5555',26);
Insert into HJH.MEM (MEM_NO,MEM_NAME,MEM_PHONE,BOOK_NO) values (22,'김건우','010-6666-7777',23);
Insert into HJH.MEM (MEM_NO,MEM_NAME,MEM_PHONE,BOOK_NO) values (23,'서도하','010-8888-3574',24);
Insert into HJH.MEM (MEM_NO,MEM_NAME,MEM_PHONE,BOOK_NO) values (25,'박현우','010-3543-6546',null);
Insert into HJH.MEM (MEM_NO,MEM_NAME,MEM_PHONE,BOOK_NO) values (43,'최유준','010-6546-7777',null);
REM INSERTING into HJH.RENT_BOOK
SET DEFINE OFF;
Insert into HJH.RENT_BOOK (RENT_NO,MEN_NO,BOOK_NO,RENT_DATE,RETURN_DATE,RENT_RETURN) values (9,2,1,to_date('24/04/25','RR/MM/DD'),to_date('24/04/25','RR/MM/DD'),'N');
Insert into HJH.RENT_BOOK (RENT_NO,MEN_NO,BOOK_NO,RENT_DATE,RETURN_DATE,RENT_RETURN) values (11,2,1,to_date('24/04/25','RR/MM/DD'),to_date('24/05/09','RR/MM/DD'),'N');
Insert into HJH.RENT_BOOK (RENT_NO,MEN_NO,BOOK_NO,RENT_DATE,RETURN_DATE,RENT_RETURN) values (13,2,1,to_date('24/04/25','RR/MM/DD'),to_date('24/05/09','RR/MM/DD'),'N');
Insert into HJH.RENT_BOOK (RENT_NO,MEN_NO,BOOK_NO,RENT_DATE,RETURN_DATE,RENT_RETURN) values (16,23,27,to_date('24/04/25','RR/MM/DD'),to_date('24/05/09','RR/MM/DD'),'N');
Insert into HJH.RENT_BOOK (RENT_NO,MEN_NO,BOOK_NO,RENT_DATE,RETURN_DATE,RENT_RETURN) values (23,43,24,to_date('24/04/26','RR/MM/DD'),to_date('24/05/10','RR/MM/DD'),'Y');
Insert into HJH.RENT_BOOK (RENT_NO,MEN_NO,BOOK_NO,RENT_DATE,RETURN_DATE,RENT_RETURN) values (17,2,1,to_date('24/04/25','RR/MM/DD'),to_date('24/05/09','RR/MM/DD'),'N');
Insert into HJH.RENT_BOOK (RENT_NO,MEN_NO,BOOK_NO,RENT_DATE,RETURN_DATE,RENT_RETURN) values (7,24,24,to_date('24/03/20','RR/MM/DD'),to_date('24/04/25','RR/MM/DD'),'N');
Insert into HJH.RENT_BOOK (RENT_NO,MEN_NO,BOOK_NO,RENT_DATE,RETURN_DATE,RENT_RETURN) values (8,24,24,to_date('24/03/20','RR/MM/DD'),to_date('24/04/25','RR/MM/DD'),'N');
Insert into HJH.RENT_BOOK (RENT_NO,MEN_NO,BOOK_NO,RENT_DATE,RETURN_DATE,RENT_RETURN) values (10,2,1,to_date('24/04/25','RR/MM/DD'),to_date('24/05/09','RR/MM/DD'),'N');
Insert into HJH.RENT_BOOK (RENT_NO,MEN_NO,BOOK_NO,RENT_DATE,RETURN_DATE,RENT_RETURN) values (18,2,1,to_date('24/04/25','RR/MM/DD'),to_date('24/05/09','RR/MM/DD'),'N');
Insert into HJH.RENT_BOOK (RENT_NO,MEN_NO,BOOK_NO,RENT_DATE,RETURN_DATE,RENT_RETURN) values (14,2,1,to_date('24/04/25','RR/MM/DD'),to_date('24/05/09','RR/MM/DD'),'N');
Insert into HJH.RENT_BOOK (RENT_NO,MEN_NO,BOOK_NO,RENT_DATE,RETURN_DATE,RENT_RETURN) values (20,24,32,to_date('24/04/26','RR/MM/DD'),to_date('24/05/10','RR/MM/DD'),'N');
Insert into HJH.RENT_BOOK (RENT_NO,MEN_NO,BOOK_NO,RENT_DATE,RETURN_DATE,RENT_RETURN) values (21,32,26,to_date('24/04/26','RR/MM/DD'),to_date('24/05/10','RR/MM/DD'),'N');
Insert into HJH.RENT_BOOK (RENT_NO,MEN_NO,BOOK_NO,RENT_DATE,RETURN_DATE,RENT_RETURN) values (15,25,31,to_date('24/04/25','RR/MM/DD'),to_date('24/05/09','RR/MM/DD'),'N');
Insert into HJH.RENT_BOOK (RENT_NO,MEN_NO,BOOK_NO,RENT_DATE,RETURN_DATE,RENT_RETURN) values (19,23,27,to_date('24/04/25','RR/MM/DD'),to_date('24/05/09','RR/MM/DD'),'N');
Insert into HJH.RENT_BOOK (RENT_NO,MEN_NO,BOOK_NO,RENT_DATE,RETURN_DATE,RENT_RETURN) values (22,21,33,to_date('24/04/26','RR/MM/DD'),to_date('24/05/10','RR/MM/DD'),'Y');
Insert into HJH.RENT_BOOK (RENT_NO,MEN_NO,BOOK_NO,RENT_DATE,RETURN_DATE,RENT_RETURN) values (24,4,24,to_date('24/03/10','RR/MM/DD'),to_date('24/03/24','RR/MM/DD'),'Y');
--------------------------------------------------------
--  Constraints for Table RENT_BOOK
--------------------------------------------------------

  ALTER TABLE "HJH"."RENT_BOOK" MODIFY ("MEN_NO" NOT NULL ENABLE);
  ALTER TABLE "HJH"."RENT_BOOK" MODIFY ("BOOK_NO" NOT NULL ENABLE);
  ALTER TABLE "HJH"."RENT_BOOK" ADD PRIMARY KEY ("RENT_NO")
  USING INDEX PCTFREE 10 INITRANS 2 MAXTRANS 255 
  STORAGE(INITIAL 65536 NEXT 1048576 MINEXTENTS 1 MAXEXTENTS 2147483645
  PCTINCREASE 0 FREELISTS 1 FREELIST GROUPS 1
  BUFFER_POOL DEFAULT FLASH_CACHE DEFAULT CELL_FLASH_CACHE DEFAULT)
  TABLESPACE "USERS"  ENABLE;
--------------------------------------------------------
--  Constraints for Table BOOK
--------------------------------------------------------

  ALTER TABLE "HJH"."BOOK" MODIFY ("BOOK_TITLE" NOT NULL ENABLE);
  ALTER TABLE "HJH"."BOOK" MODIFY ("AUTHOR" NOT NULL ENABLE);
  ALTER TABLE "HJH"."BOOK" ADD PRIMARY KEY ("BOOK_NO")
  USING INDEX PCTFREE 10 INITRANS 2 MAXTRANS 255 
  STORAGE(INITIAL 65536 NEXT 1048576 MINEXTENTS 1 MAXEXTENTS 2147483645
  PCTINCREASE 0 FREELISTS 1 FREELIST GROUPS 1
  BUFFER_POOL DEFAULT FLASH_CACHE DEFAULT CELL_FLASH_CACHE DEFAULT)
  TABLESPACE "USERS"  ENABLE;
--------------------------------------------------------
--  Constraints for Table MEM
--------------------------------------------------------

  ALTER TABLE "HJH"."MEM" MODIFY ("MEM_NAME" NOT NULL ENABLE);
  ALTER TABLE "HJH"."MEM" MODIFY ("MEM_PHONE" NOT NULL ENABLE);
  ALTER TABLE "HJH"."MEM" ADD PRIMARY KEY ("MEM_NO")
  USING INDEX PCTFREE 10 INITRANS 2 MAXTRANS 255 
  STORAGE(INITIAL 65536 NEXT 1048576 MINEXTENTS 1 MAXEXTENTS 2147483645
  PCTINCREASE 0 FREELISTS 1 FREELIST GROUPS 1
  BUFFER_POOL DEFAULT FLASH_CACHE DEFAULT CELL_FLASH_CACHE DEFAULT)
  TABLESPACE "USERS"  ENABLE;
--------------------------------------------------------
--  Ref Constraints for Table MEM
--------------------------------------------------------

  ALTER TABLE "HJH"."MEM" ADD CONSTRAINT "FK_MEMBER" FOREIGN KEY ("BOOK_NO")
	  REFERENCES "HJH"."BOOK" ("BOOK_NO") ENABLE;
